{"labels": [1, 1, 1, 1, 1, 1, 1, 1, 1, 0, 0, 0, 0, 0, 0, 0, 0, 0, 0], "vectors": [[0.59183874689239202], [0.59183874689239202], [0.5943220912045859], [0.5943220912045859], [0.42044415301019328], [0.59967358630825041], [0.59183874689239202], [0.59183874689239202], [0.59183874689239202], [0.86140049940479457], [0.99831905145468125], [0.99225997800153076], [0.99756714174923933], [1.0000000000000007], [0.99835916395484203], [1.0000000000000007], [0.94667949234177962], [1.0000000000000007], [0.999999999999998]]}